22-07-2025,SmartModelCNN
22-07-2025,SmartModelVision
22-07-2025,eliud
22-07-2025,lumen-brain
22-07-2025,smartvisioncnn
22-07-2025,smartvisioncnn-yj
22-07-2025,julia-incidents
22-07-2025,psqleasy
22-07-2025,zhesp2
22-07-2025,zvault
22-07-2025,cosmos-wormhole
22-07-2025,crawl-toolkit
22-07-2025,lumi_cua_sdk
22-07-2025,phydcm
22-07-2025,wb-looker
22-07-2025,yamux
22-07-2025,AgentApi-cn
22-07-2025,drw
22-07-2025,fps_kernel_subprocess
22-07-2025,pants-wheel
22-07-2025,upgrade-db-py
22-07-2025,example-SE-APC
22-07-2025,lineartest
22-07-2025,looplm
22-07-2025,mdtl
22-07-2025,simplx
22-07-2025,webagents
22-07-2025,wiki-base
21-07-2025,donotinstallthisistest6
21-07-2025,material-va-lighthouse
