11-08-2025,tree-ring-analyzer
10-08-2025,githubkit
10-08-2025,sagebox
09-08-2025,gitlake
08-08-2025,pyfino
08-08-2025,tongban-report
07-08-2025,qass-tools-micromagnetic
07-08-2025,gravixlayer
07-08-2025,ipfindx
06-08-2025,frappecn-bench
06-08-2025,tenduke-scale
06-08-2025,gitspyx
06-08-2025,mind-t-gap
05-08-2025,kain
04-08-2025,dsap
04-08-2025,hacs-models
04-08-2025,climate-indices
03-08-2025,sup
03-08-2025,text-imp
03-08-2025,poke
02-08-2025,gitex
02-08-2025,requests-async
01-08-2025,gc7
31-07-2025,requestx
31-07-2025,aerospot-autoreport
31-07-2025,pocketwatch
30-07-2025,ngiab-data-preprocess
30-07-2025,watchpoint
30-07-2025,dbox
29-07-2025,basistheoryclient
29-07-2025,directus-py-sdk
29-07-2025,txl-cell
29-07-2025,txl-console
29-07-2025,txl-editors
29-07-2025,txl-file-browser
29-07-2025,txl-image-viewer
29-07-2025,txl-jpterm
29-07-2025,txl-kernel
29-07-2025,txl-launcher
29-07-2025,txl-local-contents
29-07-2025,txl-local-kernels
29-07-2025,txl-local-terminals
29-07-2025,txl-markdown-viewer
29-07-2025,txl-notebook-editor
29-07-2025,txl-remote-contents
29-07-2025,txl-remote-kernels
29-07-2025,txl-remote-terminals
29-07-2025,txl-terminal
29-07-2025,txl-text-editor
29-07-2025,txl-widgets
29-07-2025,ruru
29-07-2025,hyperliquid-mcp
28-07-2025,qbench
28-07-2025,nonebot-plugin-easy-translate
28-07-2025,fps-kernel-web-worker
28-07-2025,psyflow-mcp
27-07-2025,qelm
27-07-2025,gcid
27-07-2025,libprotobuf
27-07-2025,pynormalize
27-07-2025,fails
27-07-2025,freeglut
27-07-2025,xmodules
27-07-2025,async_garlandtools
26-07-2025,puzzleandy
26-07-2025,korg
26-07-2025,openprotein-python
25-07-2025,cz-conventional-jira
25-07-2025,pygelbooru
24-07-2025,djprod
24-07-2025,qhash
24-07-2025,crawl-toolkit
24-07-2025,secure-python
23-07-2025,ghostmark
23-07-2025,vocalizr
22-07-2025,sphinx-autodoc
22-07-2025,xtext
22-07-2025,chinus-tools
22-07-2025,pants-wheel
